country,year,gender,avg_hourly_earnings_usd
"El Salvador",2023,A,3.503333333333334
"El Salvador",2023,M,3.4149999999999996
"El Salvador",2023,F,3.601666666666667
"El Salvador",2022,A,3.111666666666667
"El Salvador",2022,M,2.856666666666666
"El Salvador",2022,F,3.53
"El Salvador",2021,A,3.143333333333333
"El Salvador",2021,M,3.0116666666666667
"El Salvador",2021,F,3.3233333333333337
"El Salvador",2019,A,3.361666666666667
"El Salvador",2019,M,3.4299999999999997
"El Salvador",2019,F,3.28
"El Salvador",2018,A,3.125
"El Salvador",2018,M,3.063333333333333
"El Salvador",2018,F,3.206666666666667
"El Salvador",2017,A,3.1299999999999994
"El Salvador",2017,M,3.1149999999999998
"El Salvador",2017,F,3.1199999999999997
"El Salvador",2016,A,3.01
"El Salvador",2016,M,3.1199999999999997
"El Salvador",2016,F,2.82
"El Salvador",2015,A,3.0549999999999997
"El Salvador",2015,M,3.155
"El Salvador",2015,F,2.933333333333333
"El Salvador",2014,A,3.0116666666666667
"El Salvador",2014,M,3.063333333333334
"El Salvador",2014,F,2.933333333333333
"El Salvador",2013,A,3.098333333333333
"El Salvador",2013,M,3.1366666666666667
"El Salvador",2013,F,3.0483333333333333
Colombia,2023,A,2.815969729997962
Colombia,2023,M,2.8817031923201544
Colombia,2023,F,2.7507637041994197
Colombia,2022,A,2.60278382506437
Colombia,2022,M,2.6792339713511644
Colombia,2022,F,2.5287176552291517
Colombia,2021,A,2.0265158099331555
Colombia,2021,M,1.988616305070915
Colombia,2021,F,2.0839938100546753
Colombia,2019,A,2.3677202537119793
Colombia,2019,M,2.344757017173469
Colombia,2019,F,2.407144861124251
Colombia,2018,A,2.3742668654504118
Colombia,2018,M,2.3284255583677123
Colombia,2018,F,2.434130212771566
Colombia,2017,A,2.2979056107594755
Colombia,2017,M,2.2596943621945664
Colombia,2017,F,2.353938949765318
Colombia,2016,A,2.095314466386603
Colombia,2016,M,2.072074725895765
Colombia,2016,F,2.1294703715401826
Colombia,2015,A,2.213830544493876
Colombia,2015,M,2.183915081981361
Colombia,2015,F,2.2605525968819515
Colombia,2014,A,2.9796654015323196
Colombia,2014,M,2.956670606156765
Colombia,2014,F,3.0272724319813302
Colombia,2013,A,3.1768076858250462
Colombia,2013,M,3.154913286549895
Colombia,2013,F,3.228278385534411
"South Africa",2019,A,7.550187499257299
"South Africa",2019,M,7.801310567502958
"South Africa",2019,F,7.677190943510156
"South Africa",2018,A,4.05523385534165
"South Africa",2018,M,4.20636058286991
"South Africa",2018,F,3.6900109304816877
Thailand,2023,A,3.8905120296914184
Thailand,2023,M,4.06909275272739
Thailand,2023,F,3.772847015880911
Thailand,2022,A,3.7709139130283567
Thailand,2022,M,3.9657153099574387
Thailand,2022,F,3.6395727076318085
Thailand,2021,A,4.10799270752572
Thailand,2021,M,4.263416464505073
Thailand,2021,F,4.005575644325039
Thailand,2020,A,4.462297082091518
Thailand,2020,M,4.638956859155402
Thailand,2020,F,4.3390559834705265
Thailand,2019,A,4.1721413533647915
Thailand,2019,M,4.297432817946481
Thailand,2019,F,4.094411258799974
Thailand,2018,A,3.8788545664449003
Thailand,2018,M,4.030457757715467
Thailand,2018,F,3.771974058682867
Thailand,2017,A,3.6514640518479564
Thailand,2017,M,3.830555600801526
Thailand,2017,F,3.524621860746484
Thailand,2016,A,3.632336268635647
Thailand,2016,M,3.792692641314057
Thailand,2016,F,3.5071109740705286
Thailand,2015,A,2.7849058550375356
Thailand,2015,M,2.894061550575389
Thailand,2015,F,2.708599064755166
Thailand,2014,A,3.7514047177992533
Thailand,2014,M,3.9287455292771445
Thailand,2014,F,3.6111638503892194
Kiribati,2023,A,4.854311743957516
Kiribati,2023,M,5.446706083149412
Kiribati,2023,F,4.0404615770303325
Guyana,2019,A,2.6880175859312554
Guyana,2019,M,2.843653077537969
Guyana,2019,F,2.5450439648281376
Guyana,2018,A,2.7140174917756514
Guyana,2018,M,3.02455267592072
Guyana,2018,F,2.4577950734173113
Argentina,2023,A,5.950634532705364
Argentina,2023,M,6.180141664227673
Argentina,2023,F,5.744012855909812
Argentina,2022,A,6.032390229262678
Argentina,2022,M,6.251721801971752
Argentina,2022,F,5.84262356748309
Argentina,2021,A,5.06958178117183
Argentina,2021,M,5.392367624599203
Argentina,2021,F,4.735408863091831
Argentina,2020,A,5.047692180467114
Argentina,2020,M,5.429749429985702
Argentina,2020,F,4.717993549682798
Argentina,2019,A,4.813744873217879
Argentina,2019,M,4.9557725528653265
Argentina,2019,F,4.676009524127654
Argentina,2018,A,6.047341177950155
Argentina,2018,M,6.36679313246518
Argentina,2018,F,5.752804696210675
Argentina,2017,A,7.81655643117228
Argentina,2017,M,8.080905329762482
Argentina,2017,F,7.571326790569191
Argentina,2014,A,6.767570550980081
Argentina,2014,M,6.970865976192505
Argentina,2014,F,6.581611994516737
Argentina,2013,A,7.749087226746806
Argentina,2013,M,8.082765371128252
Argentina,2013,F,7.4773822418433395
India,2023,A,1.3347170993517932
India,2023,M,1.4324580685309083
India,2023,F,1.1379437856782324
India,2022,A,1.3272142497997919
India,2022,M,1.4269328953275242
India,2022,F,1.1358553776144238
India,2021,A,0.9718425040190769
India,2021,M,1.05359975239672
India,2021,F,0.7796926775782952
India,2020,A,1.1888058689785705
India,2020,M,1.2942855678312952
India,2020,F,0.9745805952339252
India,2019,A,1.1224881816588321
India,2019,M,1.2338764530062991
India,2019,F,0.8971839601903324
India,2019,NULL,0.4422017809485114
India,2018,A,1.155908992416533
India,2018,M,1.2701078644346115
India,2018,F,0.9002848335663354
India,2018,NULL,0.4284285467515612
Afghanistan,2020,A,1.3470715987700075
Afghanistan,2020,M,1.2573304717080793
Afghanistan,2020,F,2.006894537346709
Afghanistan,2014,A,1.314584334104837
Afghanistan,2014,M,1.3377003362592255
Afghanistan,2014,F,1.2642473470457225
Portugal,2023,A,8.664565934640676
Portugal,2023,M,8.963716921568787
Portugal,2023,F,8.372623405228905
Portugal,2022,A,8.212024296368385
Portugal,2022,M,8.441939915693936
Portugal,2022,F,7.950517217898864
Portugal,2021,A,9.047963372092878
Portugal,2021,M,9.800974702842218
Portugal,2021,F,8.360002758397798
Portugal,2020,A,9.131857891050451
Portugal,2020,M,9.21942625940324
Portugal,2020,F,9.135665211413617
Portugal,2019,A,7.886697921568473
Portugal,2019,M,8.116190196078273
Portugal,2019,F,7.655339856209001
Portugal,2018,A,7.945855593463905
Portugal,2018,M,8.227316418300502
Portugal,2018,F,7.658489996078289
Portugal,2017,A,7.649824366666748
Portugal,2017,M,7.932244660784399
Portugal,2017,F,7.293974796078509
Portugal,2016,A,7.23545668093407
Portugal,2016,M,7.628407285992448
Portugal,2016,F,6.72259157198464
Portugal,2015,A,7.217381353515623
Portugal,2015,M,7.509553081380205
Portugal,2015,F,6.910416120442704
Portugal,2014,A,8.537831707189376
Portugal,2014,M,8.982879469934465
Portugal,2014,F,8.033001409150172
Portugal,2013,A,8.92273969346415
Portugal,2013,M,9.214925662091604
Portugal,2013,F,8.47117956013081
Sudan,2022,A,1.4540139588046905
Sudan,2022,M,1.9292143145008078
Sudan,2022,F,0.6430988725651171
Egypt,2023,A,24.28
Egypt,2023,M,24.62
Egypt,2023,F,23.116666666666664
Egypt,2022,A,20.205000000000002
Egypt,2022,M,20.511666666666667
Egypt,2022,F,19.406666666666666
Egypt,2021,A,19.823333333333334
Egypt,2021,M,19.804999999999996
Egypt,2021,F,19.599999999999998
Egypt,2020,A,19.291666666666668
Egypt,2020,M,19.686666666666667
Egypt,2020,F,17.835
Egypt,2019,A,20.768333333333334
Egypt,2019,M,21.19
Egypt,2019,F,19.936666666666664
Egypt,2018,A,13.045
Egypt,2018,M,13.576666666666668
Egypt,2018,F,11.536666666666669
Egypt,2017,A,14.146666666666667
Egypt,2017,M,14.696666666666667
Egypt,2017,F,12.704999999999998
Egypt,2016,A,12.868333333333334
Egypt,2016,M,13.543333333333335
Egypt,2016,F,11.06
Egypt,2015,A,10.954999999999998
Egypt,2015,M,11.358333333333334
Egypt,2015,F,9.801666666666666
Egypt,2013,A,8.245000000000001
Egypt,2013,M,8.626666666666667
Egypt,2013,F,7.168333333333332
Iceland,2022,A,54.997083010335885
Iceland,2022,M,60.48200714926992
Iceland,2022,F,50.17744616588171
Iceland,2021,A,55.78442068531764
Iceland,2021,M,62.11568469308097
Iceland,2021,F,50.00438613096655
Iceland,2017,A,58.686120524503735
Iceland,2017,M,66.47349728309817
Iceland,2017,F,51.067220666936585
Iceland,2016,A,48.63773450553687
Iceland,2016,M,55.49138395594266
Iceland,2016,F,42.08206981384435
Iceland,2015,A,41.10106947278231
Iceland,2015,M,46.95315830217883
Iceland,2015,F,35.76444960763315
Iceland,2014,A,42.529010835512366
Iceland,2014,M,48.45532487058578
Iceland,2014,F,37.09941098256939
"North Macedonia",2018,A,8.896802787463583
"North Macedonia",2018,M,9.7054256672914
"North Macedonia",2018,F,7.824716173561099
Honduras,2023,A,3.7920903155500607
Honduras,2023,M,3.8579395658710016
Honduras,2023,F,3.7180437820101546
Honduras,2022,A,3.5793426978726743
Honduras,2022,M,3.3385235736747223
Honduras,2022,F,3.786128593665038
Honduras,2021,A,3.597711622762491
Honduras,2021,M,3.6239434186347244
Honduras,2021,F,3.6778643323720943
Honduras,2020,A,4.076918902232294
Honduras,2020,M,3.6242141823672487
Honduras,2020,F,4.75153504161483
Honduras,2019,A,2.6835545043460303
Honduras,2019,M,2.852067201669264
Honduras,2019,F,2.5690365938164392
Honduras,2018,A,2.6618300313378347
Honduras,2018,M,2.763003976995233
Honduras,2018,F,2.572300502582424
Honduras,2017,A,2.6644431531245174
Honduras,2017,M,2.9382106423317826
Honduras,2017,F,2.427717299315436
Honduras,2016,A,2.7843930571706674
Honduras,2016,M,2.9593436497953256
Honduras,2016,F,2.6219232953089695
Honduras,2015,A,2.834639808826618
Honduras,2015,M,2.8527151564447917
Honduras,2015,F,2.826437550243581
Honduras,2014,A,2.7156606480391425
Honduras,2014,M,2.6705854651594527
Honduras,2014,F,2.7452978190234623
Honduras,2013,A,2.526901740401604
Honduras,2013,M,2.4315877456827693
Honduras,2013,F,2.6257531617285608
Albania,2018,A,6.062336499803202
Albania,2018,M,6.3494023320240265
Albania,2018,F,5.807681326058923
"Bolivia (Plurinational State of)",2023,A,31.925
"Bolivia (Plurinational State of)",2023,M,33.848333333333336
"Bolivia (Plurinational State of)",2023,F,29.64333333333333
"Bolivia (Plurinational State of)",2022,A,30.265
"Bolivia (Plurinational State of)",2022,M,31.403333333333336
"Bolivia (Plurinational State of)",2022,F,29.28166666666667
"Bolivia (Plurinational State of)",2021,A,30.38166666666667
"Bolivia (Plurinational State of)",2021,M,31.91333333333333
"Bolivia (Plurinational State of)",2021,F,28.49166666666667
Guatemala,2023,A,4.276699499668505
Guatemala,2023,M,4.237118163800547
Guatemala,2023,F,4.2862756293139785
"United Kingdom of Great Britain and Northern Ireland",2023,A,20.17
"United Kingdom of Great Britain and Northern Ireland",2023,M,21.43166666666667
"United Kingdom of Great Britain and Northern Ireland",2023,F,18.796666666666667
"United Kingdom of Great Britain and Northern Ireland",2022,A,19.020000000000003
"United Kingdom of Great Britain and Northern Ireland",2022,M,20.546666666666667
"United Kingdom of Great Britain and Northern Ireland",2022,F,17.40833333333333
"United Kingdom of Great Britain and Northern Ireland",2021,A,18.146666666666665
"United Kingdom of Great Britain and Northern Ireland",2021,M,19.715
"United Kingdom of Great Britain and Northern Ireland",2021,F,16.48
"United Kingdom of Great Britain and Northern Ireland",2020,A,18.851666666666667
"United Kingdom of Great Britain and Northern Ireland",2020,M,20.06833333333333
"United Kingdom of Great Britain and Northern Ireland",2020,F,17.506666666666664
"United Kingdom of Great Britain and Northern Ireland",2018,A,16.810000000000002
"United Kingdom of Great Britain and Northern Ireland",2018,M,18.290000000000003
"United Kingdom of Great Britain and Northern Ireland",2018,F,15.106666666666667
"United Kingdom of Great Britain and Northern Ireland",2017,A,16.224999999999998
"United Kingdom of Great Britain and Northern Ireland",2017,M,17.463333333333335
"United Kingdom of Great Britain and Northern Ireland",2017,F,14.823333333333332
"United Kingdom of Great Britain and Northern Ireland",2016,A,15.694999999999999
"United Kingdom of Great Britain and Northern Ireland",2016,M,16.801666666666666
"United Kingdom of Great Britain and Northern Ireland",2016,F,14.503333333333336
"United Kingdom of Great Britain and Northern Ireland",2015,A,15.686666666666667
"United Kingdom of Great Britain and Northern Ireland",2015,M,16.939999999999998
"United Kingdom of Great Britain and Northern Ireland",2015,F,14.17
"United Kingdom of Great Britain and Northern Ireland",2014,A,15.243333333333334
"United Kingdom of Great Britain and Northern Ireland",2014,M,16.368333333333332
"United Kingdom of Great Britain and Northern Ireland",2014,F,13.949999999999998
"United Kingdom of Great Britain and Northern Ireland",2013,A,15.106666666666667
"United Kingdom of Great Britain and Northern Ireland",2013,M,16.208333333333332
"United Kingdom of Great Britain and Northern Ireland",2013,F,13.831666666666669
"Venezuela (Bolivarian Republic of)",2017,A,1905.4924999999998
"Venezuela (Bolivarian Republic of)",2017,M,2000.97
"Venezuela (Bolivarian Republic of)",2017,F,1654.7725
"Venezuela (Bolivarian Republic of)",2016,A,150.09
"Venezuela (Bolivarian Republic of)",2016,M,158.215
"Venezuela (Bolivarian Republic of)",2016,F,162.185
Tunisia,2019,A,2.33662376608772
Tunisia,2019,M,2.428066747696889
Tunisia,2019,F,2.2003112469187713
"Marshall Islands",2019,A,5.613333333333333
"Marshall Islands",2019,M,5.426666666666667
"Marshall Islands",2019,F,5.945
Mali,2020,A,1.2495555156483835
Mali,2020,M,1.358899151826858
Mali,2020,F,0.7880281946490154
Mali,2018,A,1.3466254434141554
Mali,2018,M,1.4749696469921416
Mali,2018,F,0.8575516015955953
Mali,2017,A,1.010958712555496
Mali,2017,M,1.0813445300440707
Mali,2017,F,0.8269429406285518
Mali,2016,A,1.2198669429129885
Mali,2016,M,1.315962331176582
Mali,2016,F,0.6899428382171479
Mali,2015,A,0.9595547617474353
Mali,2015,M,0.971549901036569
Mali,2015,F,0.9133885575042934
Mali,2014,A,1.3191534125298945
Mali,2014,M,1.3992973704467515
Mali,2014,F,0.8692893736046207
Mali,2013,A,1.143879524062342
Mali,2013,M,1.2104618788807342
Mali,2013,F,1.1511974752386214
"Republic of Korea",2022,A,55221.5
"Republic of Korea",2022,M,60027.75
"Republic of Korea",2022,F,43990.25
"Republic of Korea",2021,A,48600.5
"Republic of Korea",2021,M,52889
"Republic of Korea",2021,F,38307.75
"Republic of Korea",2020,A,47418.5
"Republic of Korea",2020,M,51488.25
"Republic of Korea",2020,F,37881
"Republic of Korea",2019,A,50012.5
"Republic of Korea",2019,M,54285.75
"Republic of Korea",2019,F,40157.25
"Republic of Korea",2018,A,46626.5
"Republic of Korea",2018,M,51070.25
"Republic of Korea",2018,F,37102.5
"Republic of Korea",2017,A,41361.75
"Republic of Korea",2017,M,45588.25
"Republic of Korea",2017,F,31329.75
"Republic of Korea",2016,A,40173
"Republic of Korea",2016,M,44008
"Republic of Korea",2016,F,31436.5
"Republic of Korea",2015,A,37976.25
"Republic of Korea",2015,M,41880.75
"Republic of Korea",2015,F,28596.75
"Republic of Korea",2014,A,39545.5
"Republic of Korea",2014,M,43491.5
"Republic of Korea",2014,F,30641
"Republic of Korea",2013,A,37510.75
"Republic of Korea",2013,M,41327.75
"Republic of Korea",2013,F,27359.75
Uruguay,2023,A,11.144462069128343
Uruguay,2023,M,12.144232399702064
Uruguay,2023,F,10.012041546555274
Uruguay,2022,A,9.357902897057611
Uruguay,2022,M,10.139600407243766
Uruguay,2022,F,8.568271015457864
Ukraine,2016,A,2.534244710576417
Ukraine,2016,M,2.865277653698401
Ukraine,2016,F,2.2750279783662175
Switzerland,2023,A,54.99968465610821
Switzerland,2023,M,58.665093657135856
Switzerland,2023,F,50.3437248420498
Switzerland,2022,A,50.63889914374161
Switzerland,2022,M,53.011042949068724
Switzerland,2022,F,47.57902564062283
Switzerland,2021,A,54.96733128764428
Switzerland,2021,M,58.85018899066676
Switzerland,2021,F,50.04491093045419
Switzerland,2020,A,53.061970715983364
Switzerland,2020,M,55.82387699932017
Switzerland,2020,F,49.39126236512188
Switzerland,2019,A,46.61826775272106
Switzerland,2019,M,49.64061416360084
Switzerland,2019,F,42.72376810451749
Switzerland,2018,A,47.15416670217388
Switzerland,2018,M,51.12359071812656
Switzerland,2018,F,41.99681287122805
Switzerland,2017,A,46.0194815636028
Switzerland,2017,M,49.01534321234226
Switzerland,2017,F,41.84897133620506
Switzerland,2016,A,44.888963841966955
Switzerland,2016,M,48.10764124178848
Switzerland,2016,F,41.02249167381563
Switzerland,2015,A,48.69171775929135
Switzerland,2015,M,53.130360262387946
Switzerland,2015,F,42.148919719221546
Switzerland,2014,A,50.23552990502219
Switzerland,2014,M,53.24267595170147
Switzerland,2014,F,45.80030784706448
Switzerland,2013,A,48.079436212948366
Switzerland,2013,M,51.99030699207858
Switzerland,2013,F,42.927875393542365
"Bosnia and Herzegovina",2023,A,5.489526472662604
"Bosnia and Herzegovina",2023,M,5.686666708465556
"Bosnia and Herzegovina",2023,F,5.183682742351481
"Bosnia and Herzegovina",2022,A,4.780406405886892
"Bosnia and Herzegovina",2022,M,4.938169677485634
"Bosnia and Herzegovina",2022,F,4.4451594537395644
"Bosnia and Herzegovina",2021,A,5.076783233947168
"Bosnia and Herzegovina",2021,M,5.192691526959661
"Bosnia and Herzegovina",2021,F,4.831863971320772
"Bosnia and Herzegovina",2020,A,5.202962635845047
"Bosnia and Herzegovina",2020,M,5.346626529521366
"Bosnia and Herzegovina",2020,F,4.8496271135600475
"Bosnia and Herzegovina",2016,A,2.8740198575057883
"Bosnia and Herzegovina",2016,M,3.023894950107763
"Bosnia and Herzegovina",2016,F,2.6562767984425424
"Bosnia and Herzegovina",2015,A,3.228443606858146
"Bosnia and Herzegovina",2015,M,3.180243775491119
"Bosnia and Herzegovina",2015,F,3.2067064280063495
"Bosnia and Herzegovina",2014,A,3.473142734135486
"Bosnia and Herzegovina",2014,M,3.629162817895479
"Bosnia and Herzegovina",2014,F,3.2786829195940466
"Bosnia and Herzegovina",2013,A,3.6522827937766036
"Bosnia and Herzegovina",2013,M,3.836707234726289
"Bosnia and Herzegovina",2013,F,3.4112864384251735
Mexico,2023,A,4.144068218142632
Mexico,2023,M,4.308025260834342
Mexico,2023,F,3.958713232844333
Mexico,2022,A,3.2659540376651672
Mexico,2022,M,3.371034935051062
Mexico,2022,F,3.1519300851825993
Mexico,2021,A,3.2738257952414025
Mexico,2021,M,3.4037232050623873
Mexico,2021,F,3.1298698682815655
Mexico,2020,A,3.1594016614997766
Mexico,2020,M,3.199195740714817
Mexico,2020,F,3.1326395614428777
Mexico,2019,A,2.903657842324662
Mexico,2019,M,3.0274662619893498
Mexico,2019,F,2.7630647731736357
Mexico,2018,A,2.8055865771800406
Mexico,2018,M,2.897908086402881
Mexico,2018,F,2.698368914499106
Mexico,2017,A,2.7766158766668583
Mexico,2017,M,2.860801115894714
Mexico,2017,F,2.6822156920933633
Mexico,2016,A,2.7336855551690977
Mexico,2016,M,2.826912867735541
Mexico,2016,F,2.625991935480275
Mexico,2015,A,3.1240009422691792
Mexico,2015,M,3.207921791657546
Mexico,2015,F,3.0330341067792843
Mexico,2014,A,3.5589125155006536
Mexico,2014,M,3.679406981657507
Mexico,2014,F,3.4325249797190636
Mexico,2013,A,3.6261637606768358
Mexico,2013,M,3.73734454101715
Mexico,2013,F,3.5076753234127445
Sweden,2022,A,45.61550370911746
Sweden,2022,M,47.840087554479375
Sweden,2022,F,42.810880224075994
Sweden,2020,A,47.85036694281576
Sweden,2020,M,49.992893678068725
Sweden,2020,F,45.01658580480384
Sweden,2019,A,45.85542984553592
Sweden,2019,M,47.95410474643256
Sweden,2019,F,43.12239477308362
Sweden,2018,A,49.115033982288615
Sweden,2018,M,51.63635931359365
Sweden,2018,F,45.757740708436835
Sweden,2017,A,48.38656378486297
Sweden,2017,M,50.7553004381773
Sweden,2017,F,45.17755923230709
Sweden,2016,A,47.15997738065227
Sweden,2016,M,49.61462432319582
Sweden,2016,F,43.96173398128744
Sweden,2015,A,46.821669920861005
Sweden,2015,M,49.396308505722665
Sweden,2015,F,43.48432182429051
Sweden,2014,A,6.421762718600472
Sweden,2014,M,6.801942732014873
Sweden,2014,F,5.94416916820257
Brazil,2023,A,5.1567964838119815
Brazil,2023,M,5.75146491933602
Brazil,2023,F,4.613852856091663
Brazil,2022,A,4.460715050985532
Brazil,2022,M,4.929669465939729
Brazil,2022,F,4.043077739938916
Brazil,2021,A,3.9318546817642606
Brazil,2021,M,4.270786363824247
Brazil,2021,F,3.6068263048024503
Brazil,2020,A,4.72890162265255
Brazil,2020,M,5.280450550542429
Brazil,2020,F,4.178969192206663
Brazil,2019,A,5.489540371692855
Brazil,2019,M,6.190521550621308
Brazil,2019,F,4.824051910684831
Brazil,2018,A,5.48420664674018
Brazil,2018,M,6.082666192654103
Brazil,2018,F,4.9368351108432975
Brazil,2017,A,5.8146042590251446
Brazil,2017,M,6.480458438139304
Brazil,2017,F,5.208285277102367
Brazil,2016,A,4.886890578555105
Brazil,2016,M,5.410571243268884
Brazil,2016,F,4.428132949758441
Brazil,2015,A,4.586846582978734
Brazil,2015,M,5.070779938063647
Brazil,2015,F,4.130466369228884
Brazil,2014,A,6.091638741523503
Brazil,2014,M,6.763843993349757
Brazil,2014,F,5.444225042715075
Brazil,2013,A,5.932809716691387
Brazil,2013,M,6.470047860417839
Brazil,2013,F,5.410258658908536
Denmark,2014,A,10.813130293275677
Denmark,2014,M,11.538895553945379
Denmark,2014,F,9.725967192084283
Tonga,2023,A,5.492803581373039
Tonga,2023,M,5.872152532179034
Tonga,2023,F,5.026726152966418
Tonga,2021,A,5.454107583465631
Tonga,2021,M,6.3371255408534815
Tonga,2021,F,4.387127551621976
Tonga,2018,A,6.890755261990448
Tonga,2018,M,7.1217636032056575
Tonga,2018,F,6.1522737582992475
Panama,2023,A,6.936666666666667
Panama,2023,M,7.5249999999999995
Panama,2023,F,6.469999999999999
Panama,2022,A,4.915
Panama,2022,M,4.705
Panama,2022,F,5.238333333333333
Panama,2021,A,8.786666666666667
Panama,2021,M,9.081666666666667
Panama,2021,F,8.546666666666667
Panama,2020,A,7.850000000000001
Panama,2020,M,8.208333333333334
Panama,2020,F,7.63
Panama,2019,A,6.873333333333332
Panama,2019,M,7.9049999999999985
Panama,2019,F,5.990000000000001
Panama,2018,A,6.496666666666666
Panama,2018,M,6.666666666666667
Panama,2018,F,6.378333333333333
Panama,2017,A,6.303333333333334
Panama,2017,M,6.671666666666667
Panama,2017,F,6.03
Panama,2016,A,6.133333333333333
Panama,2016,M,7.0200000000000005
Panama,2016,F,5.364999999999999
Panama,2015,A,5.513333333333333
Panama,2015,M,6.096666666666667
Panama,2015,F,5.066666666666666
Panama,2014,A,5.131666666666667
Panama,2014,M,5.535
Panama,2014,F,4.7683333333333335
Panama,2013,A,5.239999999999999
Panama,2013,M,5.670000000000001
Panama,2013,F,4.86
Mauritius,2023,A,4.8129376902015375
Mauritius,2023,M,5.197358574553664
Mauritius,2023,F,4.187982217450558
Mauritius,2022,A,4.576406378579283
Mauritius,2022,M,4.9405377246374105
Mauritius,2022,F,4.137132626911732
Mauritius,2021,A,5.079175607868474
Mauritius,2021,M,5.485966976983672
Mauritius,2021,F,4.628451090693372
Mauritius,2019,A,5.542444574849495
Mauritius,2019,M,5.834681365582113
Mauritius,2019,F,5.1991838042558465
Mauritius,2018,A,6.754345510241067
Mauritius,2018,M,7.277216319502256
Mauritius,2018,F,6.063012661174707
Mauritius,2017,A,6.184153827823647
Mauritius,2017,M,6.715067950869184
Mauritius,2017,F,5.46105884596265
Mauritius,2016,A,5.835462667753966
Mauritius,2016,M,6.411262205670028
Mauritius,2016,F,4.982056381367902
Mauritius,2015,A,6.057425066630155
Mauritius,2015,M,6.529232167697853
Mauritius,2015,F,5.30573803771224
Mauritius,2014,A,6.769074352159714
Mauritius,2014,M,7.270027654755864
Mauritius,2014,F,6.020801209603014
Mauritius,2013,A,5.8249865708982
Mauritius,2013,M,6.284792502394716
Mauritius,2013,F,5.104171558098819
Iraq,2021,A,5.799885057471265
Iraq,2021,M,5.655977011494252
Iraq,2021,F,6.221609195402299
Peru,2023,A,4.6009080111304295
Peru,2023,M,4.900957551478944
Peru,2023,F,4.2456564781955395
Peru,2022,A,4.01024058505213
Peru,2022,M,4.260989264893381
Peru,2022,F,3.6647549689796928
Peru,2021,A,3.273243864142785
Peru,2021,M,3.4989848202905636
Peru,2021,F,3.002148560641115
Peru,2020,A,3.503921613356429
Peru,2020,M,3.712794941606486
Peru,2020,F,3.2446897840488242
Peru,2019,A,3.61373700469089
Peru,2019,M,4.047025869432433
Peru,2019,F,3.159472883703212
Peru,2018,A,3.436375198851837
Peru,2018,M,3.7491601912743358
Peru,2018,F,3.0444811616532226
Peru,2017,A,3.367593546449791
Peru,2017,M,3.5503882416851353
Peru,2017,F,3.1455409300900787
Peru,2016,A,3.1655718640804276
Peru,2016,M,3.5294170764625656
Peru,2016,F,2.7720975627420885
Peru,2015,A,3.1647644171041107
Peru,2015,M,3.468114528924172
Peru,2015,F,2.8350360346910017
Peru,2014,A,3.753375954285975
Peru,2014,M,4.093631319511223
Peru,2014,F,3.4039625771602537
Peru,2013,A,3.419816918091155
Peru,2013,M,3.723307164068941
Peru,2013,F,3.061550383814938
"United States of America",2023,A,40.89
"United States of America",2023,M,45.06333333333333
"United States of America",2023,F,36.67166666666667
"United States of America",2022,A,37.666666666666664
"United States of America",2022,M,40.705
"United States of America",2022,F,34.55
"United States of America",2021,A,35.05166666666667
"United States of America",2021,M,38.655
"United States of America",2021,F,31.459999999999997
"United States of America",2020,A,35.06666666666666
"United States of America",2020,M,38.61166666666667
"United States of America",2020,F,31.451666666666664
"United States of America",2019,A,31.820000000000004
"United States of America",2019,M,34.54333333333334
"United States of America",2019,F,28.86833333333333
"United States of America",2018,A,30.825
"United States of America",2018,M,33.471666666666664
"United States of America",2018,F,27.921666666666663
"United States of America",2017,A,30.64833333333333
"United States of America",2017,M,33.24666666666666
"United States of America",2017,F,27.706666666666663
"United States of America",2016,A,29.028333333333336
"United States of America",2016,M,31.543333333333333
"United States of America",2016,F,26.161666666666665
"United States of America",2015,A,28.513333333333335
"United States of America",2015,M,30.913333333333338
"United States of America",2015,F,25.873333333333335
"United States of America",2014,A,28.014999999999997
"United States of America",2014,M,30.505
"United States of America",2014,F,25.278333333333332
"United States of America",2013,A,27.755
"United States of America",2013,M,30.51
"United States of America",2013,F,24.68166666666666
Indonesia,2023,A,1.598456675376724
Indonesia,2023,M,1.7776215808379565
Indonesia,2023,F,1.3302098022579378
Indonesia,2022,A,1.714518547412539
Indonesia,2022,M,1.8495572493832146
Indonesia,2022,F,1.6007557000523196
Indonesia,2021,A,1.8897377735872354
Indonesia,2021,M,2.0150436841498847
Indonesia,2021,F,1.7546080870707865
Indonesia,2020,A,1.687164658457151
Indonesia,2020,M,1.8387337729290831
Indonesia,2020,F,1.4666750042635401
Indonesia,2019,A,1.6477888414211295
Indonesia,2019,M,1.8058516026354097
Indonesia,2019,F,1.4083456675585764
Indonesia,2017,A,1.6990926628673002
Indonesia,2017,M,1.8501754243477209
Indonesia,2017,F,1.4765667953752608
Indonesia,2016,A,1.0238141530481666
Indonesia,2016,M,1.131932427774576
Indonesia,2016,F,0.8776044382126154
Indonesia,2015,A,1.0945034012687724
Indonesia,2015,M,1.2110441344136398
Indonesia,2015,F,0.95463020377454
Indonesia,2014,A,1.1537765032699623
Indonesia,2014,M,1.30649691884028
Indonesia,2014,F,0.9706283109846444
Indonesia,2013,A,1.312154964421044
Indonesia,2013,M,1.447612137758048
Indonesia,2013,F,1.1350566472043466
France,2020,A,18.842428477301933
France,2020,M,19.838042752269494
France,2020,F,17.801126357976397
France,2019,A,17.63172352941142
France,2019,M,18.71015064052251
France,2019,F,16.443214758169614
France,2018,A,18.14733430065326
France,2018,M,18.899208671895074
France,2018,F,17.31082485620883
France,2017,A,16.918858419608025
France,2017,M,17.79812693529431
France,2017,F,15.858840915686445
France,2016,A,16.245648019455743
France,2016,M,16.83599634630401
France,2016,F,15.504022933852605
France,2015,A,16.41709240494791
France,2015,M,17.079101763020827
France,2015,F,15.62009231184895
France,2014,A,19.768091670587854
France,2014,M,20.638259684313326
France,2014,F,18.669864355555195
France,2013,A,19.90848940784335
France,2013,M,20.811609674510027
France,2013,F,18.808364965359683
Poland,2014,A,3.762828725778965
Poland,2014,M,4.128967493957121
Poland,2014,F,3.3206091746027524
Yemen,2014,A,468.00999999999993
Yemen,2014,M,479.52
Yemen,2014,F,354.72400000000005
Norway,2018,A,72.54841684598831
Norway,2018,M,77.77436212726714
Norway,2018,F,64.92468490624039
Norway,2014,A,10.23591642422639
Norway,2014,M,10.92250727320814
Norway,2014,F,9.210261835493249
Cambodia,2023,A,1.734926407057462
Cambodia,2023,M,1.8363693389690086
Cambodia,2023,F,1.5754452474683227
Cambodia,2021,A,1.6938548942700409
Cambodia,2021,M,1.8054298952804304
Cambodia,2021,F,1.5128928311055139
Cambodia,2020,A,1.695278728936376
Cambodia,2020,M,1.8511697935718139
Cambodia,2020,F,1.4644590276601395
Cambodia,2019,A,1.722873271459891
Cambodia,2019,M,1.7635600331374295
Cambodia,2019,F,1.6509133402549787
Cambodia,2016,A,1.1305084046580243
Cambodia,2016,M,1.2135843773505257
Cambodia,2016,F,1.0658221708047593
Cambodia,2015,A,1.0202823018458198
Cambodia,2015,M,1.0582320283531026
Cambodia,2015,F,0.9726937496158811
Cambodia,2014,A,0.925368008255934
Cambodia,2014,M,0.9938608875128999
Cambodia,2014,F,0.808871826625387
Cambodia,2013,A,0.7177722598133548
Cambodia,2013,M,0.7319734310013036
Cambodia,2013,F,0.6913584538663687
Paraguay,2023,A,3.5128043787686303
Paraguay,2023,M,3.64033874345672
Paraguay,2023,F,3.400176755827717
Paraguay,2022,A,3.4806279842771475
Paraguay,2022,M,3.6386750226981586
Paraguay,2022,F,3.3139904937314135
Paraguay,2021,A,3.5703927722674664
Paraguay,2021,M,3.6683925831151636
Paraguay,2021,F,3.561878558935986
Paraguay,2019,A,3.910776887657434
Paraguay,2019,M,4.091595974372521
Paraguay,2019,F,3.694206863172282
Paraguay,2018,A,4.019334977116927
Paraguay,2018,M,4.249336015510808
Paraguay,2018,F,3.810332625243227
Paraguay,2017,A,3.9146124181690993
Paraguay,2017,M,4.150613314913238
Paraguay,2017,F,3.6445018453361726
Paraguay,2016,A,3.265429230311682
Paraguay,2016,M,3.5771325930880167
Paraguay,2016,F,2.946626015735633
Paraguay,2015,A,3.5605815502746143
Paraguay,2015,M,3.8868942319238697
Paraguay,2015,F,3.2226257199779815
Paraguay,2014,A,3.955153254836332
Paraguay,2014,M,4.28807981525915
Paraguay,2014,F,3.6354687113885564
Paraguay,2013,A,3.812455323393436
Paraguay,2013,M,4.145894176489519
Paraguay,2013,F,3.4045097131040456
Spain,2021,A,46.71824224806125
Spain,2021,M,49.280846253229186
Spain,2021,F,43.17002131782876
Spain,2020,A,44.35528223086836
Spain,2020,M,47.02040648508363
Spain,2020,F,40.73832788586193
Spain,2019,A,42.35345228758087
Spain,2019,M,45.15213856209062
Spain,2019,F,38.43529150326722
Spain,2018,A,44.08896836601226
Spain,2018,M,46.64770313725404
Spain,2018,F,37.00324130718886
Spain,2017,A,40.291961960784754
Spain,2017,M,42.92788470588281
Spain,2017,F,33.89043529411801
Spain,2016,A,39.110576653697684
Spain,2016,M,41.508866731518765
Spain,2016,F,32.653641828794754
Spain,2015,A,39.57262643229165
Spain,2015,M,42.161489843749976
Spain,2015,F,33.10046790364582
Spain,2014,A,46.94036104575073
Spain,2014,M,50.261613006534965
Spain,2014,F,39.412189934639756
Spain,2013,A,46.041425359477614
Spain,2013,M,50.02577947712472
Spain,2013,F,39.40083516339912
Finland,2022,A,51.353671919585146
Finland,2022,M,55.19729944876804
Finland,2022,F,46.474546562905495
Finland,2021,A,56.66508825581305
Finland,2021,M,60.922953372092046
Finland,2021,F,51.208712958655504
Finland,2020,A,51.756713016860466
Finland,2020,M,55.491694293125015
Finland,2020,F,47.35545067704212
Finland,2017,A,49.84341630784368
Finland,2017,M,53.40944322156921
Finland,2017,F,45.59016667843186
Finland,2016,A,48.53585665953454
Finland,2016,M,51.945118247083286
Finland,2016,F,44.37205611673286
Finland,2014,A,57.763214101959655
Finland,2014,M,61.894851541175264
Finland,2014,F,52.75919448104472
Finland,2013,A,57.41011577516401
Finland,2013,M,61.40775107320328
Finland,2013,F,52.330064275163956
Ireland,2018,A,54.520733202613364
Ireland,2018,M,50.30866211764612
Ireland,2018,F,41.33340784313649
Ireland,2014,A,65.71429129607715
Ireland,2014,M,57.468286927842016
Ireland,2014,F,48.44510960078337
Chile,2023,A,8.103810572164585
Chile,2023,M,8.965940705540463
Chile,2023,F,7.097261320995437
Chile,2022,A,7.058942902583362
Chile,2022,M,7.81777823882523
Chile,2022,F,6.157844905906523
Chile,2021,A,7.422274297539654
Chile,2021,M,7.985691259006988
Chile,2021,F,6.84235878158708
Chile,2020,A,7.355073248120427
Chile,2020,M,8.131950415858904
Chile,2020,F,6.550206207998983
Chile,2019,A,11.073877567560201
Chile,2018,A,7.849309217856977
Chile,2018,M,8.872673834553408
Chile,2018,F,6.707155546083983
Chile,2017,A,6.753979293296976
Chile,2017,M,7.620413820001846
Chile,2017,F,5.901690145739587
Chile,2016,A,6.3178301572993085
Chile,2016,M,7.0315852032540915
Chile,2016,F,5.573337594226283
Chile,2015,A,6.104899813546934
Chile,2015,M,6.87086152029445
Chile,2015,F,5.317520152106657
Chile,2014,A,6.635304350902707
Chile,2014,M,7.4593728527580385
Chile,2014,F,5.800291657720922
Chile,2013,A,8.77173008272331
Chile,2013,M,9.789216313200944
Chile,2013,F,7.60736522576844
"Russian Federation",2021,A,9.38618470373214
"Russian Federation",2021,M,11.167025437058369
"Russian Federation",2021,F,8.03075446324623
"Russian Federation",2019,A,7.875374958856383
"Russian Federation",2019,M,9.407198463439432
"Russian Federation",2019,F,6.763193859730539
"Russian Federation",2017,A,7.747313992782332
"Russian Federation",2017,M,9.255640610846152
"Russian Federation",2017,F,6.647492500444135
"Russian Federation",2015,A,6.200326606919503
"Russian Federation",2015,M,7.308016186011869
"Russian Federation",2015,F,5.407166167569411
Germany,2022,A,57.617556235408784
Germany,2022,M,61.034699066148086
Germany,2022,F,49.382715885214196
Germany,2021,A,61.8592894509034
Germany,2021,M,65.15519244831937
Germany,2021,F,53.91521703488285
Germany,2018,A,56.750768968626396
Germany,2018,M,61.075030732025006
Germany,2018,F,49.24777131633896
Germany,2014,A,58.1551218333322
Germany,2014,M,62.95986633660008
Germany,2014,F,49.225382394770286
"Republic of Moldova",2023,A,44.98
"Republic of Moldova",2023,M,49.64333333333334
"Republic of Moldova",2023,F,42.69499999999999
"Republic of Moldova",2022,A,37.781666666666666
"Republic of Moldova",2022,M,42.17666666666667
"Republic of Moldova",2022,F,35.230000000000004
"Republic of Moldova",2021,A,33.86333333333333
"Republic of Moldova",2021,M,37.096666666666664
"Republic of Moldova",2021,F,32.00833333333333
"Republic of Moldova",2020,A,31.64833333333333
"Republic of Moldova",2020,M,34.405
"Republic of Moldova",2020,F,30.158333333333335
"Republic of Moldova",2019,A,28.503333333333334
"Republic of Moldova",2019,M,31.700000000000003
"Republic of Moldova",2019,F,26.623333333333335
"Republic of Moldova",2018,A,22.99333333333333
"Republic of Moldova",2018,M,24.99666666666667
"Republic of Moldova",2018,F,21.598333333333333
"Republic of Moldova",2017,A,20.57166666666667
"Republic of Moldova",2017,M,21.900000000000002
"Republic of Moldova",2017,F,19.61
"Republic of Moldova",2016,A,19.663333333333334
"Republic of Moldova",2016,M,20.87
"Republic of Moldova",2016,F,18.826666666666668
"Republic of Moldova",2015,A,18.705000000000002
"Republic of Moldova",2015,M,20.544999999999998
"Republic of Moldova",2015,F,17.41166666666667
"Republic of Moldova",2014,A,17.18
"Republic of Moldova",2014,M,18.425
"Republic of Moldova",2014,F,16.25
"Republic of Moldova",2013,A,16.26666666666667
"Republic of Moldova",2013,M,17.195
"Republic of Moldova",2013,F,15.693333333333333
Pakistan,2021,A,1.1780087969952573
Pakistan,2021,M,1.2097346099364028
Pakistan,2021,F,1.1022904024201472
Pakistan,2019,A,1.18039248604334
Pakistan,2019,M,1.2365566893675617
Pakistan,2019,F,0.9653666783402227
Pakistan,2018,A,1.2791943997995905
Pakistan,2018,M,1.3448902299191348
Pakistan,2018,F,1.0322535972886
Pakistan,2017,A,2.6970546315803836
Pakistan,2017,M,2.7795383446686053
Pakistan,2017,F,2.199023061004407
Pakistan,2016,A,2.195303411089111
Pakistan,2016,M,2.2462089974332065
Pakistan,2016,F,1.8644170998524914
Pakistan,2015,A,1.3217958819688727
Pakistan,2015,M,1.3989752425191508
Pakistan,2015,F,1.0503788241480163
Pakistan,2014,A,1.2357226251208822
Pakistan,2014,M,1.308274490449355
Pakistan,2014,F,0.9138139056777802
Pakistan,2013,A,1.2096460845294674
Pakistan,2013,M,1.2859203207674057
Pakistan,2013,F,0.8980877228764149
